{
    "waypoints": [
        {
            "x": 8.545680600555382,
            "y": 47.39960458436174,
            "z": 10
        },
        {
            "x": 8.547573710342384,
            "y": 47.3996243768616, 
            "z": 15
        },
        {
            "x": 8.552508974929799,
            "y": 47.4020573658059,
            "z": 10
        },
        {
            "x": 8.556285525222775,
            "y": 47.40346320309161, 
            "z": 5
        }
    ]
}