{
    "waypoints": [
        {
            "x": 8.545680600555382,
            "y": 47.39960458436174,
            "z": 10
        },
        {
            "x": 8.548180419357262,
            "y": 47.39866486639688, 
            "z": 15
        },
        {
            "x": 8.54728992596432,
            "y": 47.39732446430449,
            "z": 10
        },
        {
            "x": 8.546571093948325,
            "y": 47.39642113049935, 
            "z": 5
        }
    ]
}